document,count_sents,all_passives,passive_count,passive_sents_count,passive_percentages,binary,Unnamed: 0,human_coding
The politics being discussed were causing scene.,1,['being discussed'],1,1,1.0,1,0,1
The world of politics is quite fascinating.,1,[],0,0,0.0,0,1,0
I don usually participate in discussions about politics.,1,[],0,0,0.0,0,2,0
The president was impeached before his second term.,1,['was impeached'],1,1,1.0,1,3,1
The President just gave speech about COVID relief.,1,[],0,0,0.0,0,4,0
I wish the government was better.,1,[],0,0,0.0,0,5,0
Sanders fights for the working class.,1,[],0,0,0.0,0,6,0
Politics is topic for the commoners.,1,[],0,0,0.0,0,7,0
The passage of the bill was interrupted by politics.,1,['was interrupted'],1,1,1.0,1,8,1
The Democratic candidate won the election by landslide.,1,[],0,0,0.0,0,9,0
The House passed the bill with bipartisan support.,1,[],0,0,0.0,0,10,0
Politics was the focus of her television viewing.,1,[],0,0,0.0,0,11,0
"A dangerous game, politics sometimes is.",1,[],0,0,0.0,0,12,0
Donald Trump destroyed the Republican Party.,1,[],0,0,0.0,0,13,0
An interesting election had occured.,1,[],0,0,0.0,0,14,1
Politics is believed to be unimportant by number of Americans.,1,['is believed'],1,1,1.0,1,15,1
I am stunned at the impact politics is having on our country these days.,1,[],0,0,0.0,0,16,0
The president was elected last week. ,1,['was elected'],1,1,1.0,1,17,1
Politics is hot topic issue for many Americans.,1,[],0,0,0.0,0,18,0
POLITICS DRIVE EVERYONE CRAZY.,1,[],0,0,0.0,0,19,0
Politics is den of snakes. ,1,[],0,0,0.0,0,20,0
I was happy to vote. ,1,[],0,0,0.0,0,21,0
The past President did not do so well.,1,[],0,0,0.0,0,22,0
Politics is very messy,1,[],0,0,0.0,0,23,0
American politics was ruined by Donald Trump.,1,['was ruined'],1,1,1.0,1,24,1
 Politics is the art of the possible. ,1,[],0,0,0.0,0,25,0
He voted for the Democratic candidate. ,1,[],0,0,0.0,0,26,0
I want to see the best politics from the Democratic Party ,1,[],0,0,0.0,0,27,0
Politics can can cause discomfort in some people. ,1,[],0,0,0.0,0,28,0
The Trump regime is far from over.,1,[],0,0,0.0,0,29,0
Politics is contentious.,1,[],0,0,0.0,0,30,0
I once voted in local election ,1,[],0,0,0.0,0,31,0
I vote because it is my right.,1,[],0,0,0.0,0,32,0
The race was won by President Trump.,1,['was won'],1,1,1.0,1,33,1
I am watching this politician lie right now ,1,[],0,0,0.0,0,34,0
Joe Biden signed the stimulus bill.,1,[],0,0,0.0,0,35,0
Politics have become senseless.,1,[],0,0,0.0,0,36,1
Trump is the worst president of all time. ,1,[],0,0,0.0,0,37,0
I do not know much about my country politics. ,1,[],0,0,0.0,0,38,0
I went to the political rally,1,[],0,0,0.0,0,39,0
Politics is difficult career.,1,[],0,0,0.0,0,40,0
Politics are very controversial.,1,[],0,0,0.0,0,41,0
"The people voted for the President,",1,[],0,0,0.0,0,42,0
The country was shown lot of problems with politics,1,['was shown'],1,1,1.0,1,43,1
The voters were important in deciding the election. ,1,[],0,0,0.0,0,44,0
The man read about politics in his local newspaper.,1,[],0,0,0.0,0,45,0
Liberal politics are out of control. ,1,[],0,0,0.0,0,46,0
Most politicians seem to only be in it for themselves.,1,[],0,0,0.0,0,47,0
Getting involved in politics is easy.,1,[],0,0,0.0,0,48,0
The ballots were clearly marked on Election Day.,1,['were clearly marked'],1,1,1.0,1,49,1
He had no interest in politics,1,[],0,0,0.0,0,50,0
Politics often threatens family gatherings that would otherwise be fun.,1,[],0,0,0.0,0,51,0
I went and voted today.,1,[],0,0,0.0,0,52,0
The politics pay big role.,1,[],0,0,0.0,0,53,0
The mayor in the politicians office was corrupted. ,1,['was corrupted'],1,1,1.0,1,54,1
The Republicans were defeated by the Democrats in the last US Presidential election.,1,['were defeated'],1,1,1.0,1,55,1
Citizens were impacted by the president choices.,1,['were impacted'],1,1,1.0,1,56,1
A person politics make up their personality.,1,[],0,0,0.0,0,57,0
I am campaigning for cause that supports Republican Politics.,1,[],0,0,0.0,0,58,0
Trump yelled at the heckler ,1,[],0,0,0.0,0,59,0
The family would have heated political arguments after dinner. ,1,[],0,0,0.0,0,60,0
The debate tonight was heated ,1,[],0,0,0.0,0,61,0
Politics requires suffering.,1,[],0,0,0.0,0,62,0
There were not enough votes to elect him.,1,[],0,0,0.0,0,63,1
Joe Biden toured the country when he ran for President.,1,[],0,0,0.0,0,64,0
Politics ruins society.,1,[],0,0,0.0,0,65,0
Donald Trump got beat by Joe Biden in the 2020 Elections.,1,['got beat'],1,1,1.0,1,66,1
An error was made in the tabulation of votes.,1,['was made'],1,1,1.0,1,67,1
Politics are very complicated.,1,[],0,0,0.0,0,68,0
Abortion is sensitive topic for many people.,1,[],0,0,0.0,0,69,0
I am into politics,1,[],0,0,0.0,0,70,0
The politician was impeached for extreme corruption.,1,['was impeached'],1,1,1.0,1,71,1
I don want to write anything about politics ,1,[],0,0,0.0,0,72,0
Politics is in every workplace .,1,[],0,0,0.0,0,73,0
The president was elected that night.,1,['was elected'],1,1,1.0,1,74,1
Politics can be stressful to be involved in. ,1,[],0,0,0.0,0,75,0
Politics are product of systems.,1,[],0,0,0.0,0,76,0
I do not like Donal Trump.,1,[],0,0,0.0,0,77,0
Politics help society function.,1,[],0,0,0.0,0,78,0
I wish there had been different candidates running for President in the election.,1,[],0,0,0.0,0,79,1
The nation is arguing over politics,1,[],0,0,0.0,0,80,0
The president did not want to concede the ellection.,1,[],0,0,0.0,0,81,0
i liked politics,1,[],0,0,0.0,0,82,0
Politics are slipper slope.,1,[],0,0,0.0,0,83,0
Politics never interested me growing up.,1,[],0,0,0.0,0,84,1
Politics would have to be considered.,1,['be considered'],1,1,1.0,1,85,1
The President signed the bill into law today.,1,[],0,0,0.0,0,86,0
I avoid talking about politics.,1,[],0,0,0.0,0,87,0
My favorite candidate is Joe Biden,1,[],0,0,0.0,0,88,0
The American people were misled by the government message.,1,['were misled'],1,1,1.0,1,89,1
I feel like all they talk about is the politics on the news. ,1,[],0,0,0.0,0,90,0
My dad went to vote while I stayed in the car.,1,[],0,0,0.0,0,91,0
Politics play major role in the formation of opinions.,1,[],0,0,0.0,0,92,0
I did vote in the last election.,1,[],0,0,0.0,0,93,0
If I bring up politics at dinner I ll surely start fight.,1,[],0,0,0.0,0,94,0
Joe Biden was elected as the next president. ,1,['was elected'],1,1,1.0,1,95,1
I really hate Republican s,1,[],0,0,0.0,0,96,0
Politics can be stressful topic.,1,[],0,0,0.0,0,97,0
The taxes are low for education.,1,[],0,0,0.0,0,98,0
I spoke with my friend about the political race.,1,[],0,0,0.0,0,99,0
I am so tired of politics,1,[],0,0,0.0,0,100,0
Jane plays games in politics by running for office under an independent party name.,1,[],0,0,0.0,0,101,0
I voted in the last election. ,1,[],0,0,0.0,0,102,0
A rally was held for Biden by the Democratic party before the election. ,1,['was held'],1,1,1.0,1,103,1
The state health department was affected negatively by the Governor vote to cut funding.,1,['was affected'],1,1,1.0,1,104,1
Bill Clinton slept with his intern Monika Lewinsky. ,1,[],0,0,0.0,0,105,0
Politics tends to go into one ear and out of the other.,1,[],0,0,0.0,0,106,0
The new mayor seems to not know anything about politics.,1,[],0,0,0.0,0,107,0
I enjoy watching politics on tv. ,1,[],0,0,0.0,0,108,0
Marisha votes for the Democratic Party. ,1,[],0,0,0.0,0,109,0
Politics are always on the television.,1,[],0,0,0.0,0,110,0
Politics can be complicated,1,[],0,0,0.0,0,111,0
I very active in politics.,1,[],0,0,0.0,0,112,0
People often talk about how political discourse was more civil in the past. ,1,[],0,0,0.0,0,113,0
Some politicians are not to be trusted.,1,['be trusted'],1,1,1.0,1,114,1
The mayor was satisfied with the voters opinion.,1,[],0,0,0.0,0,115,0
It is nice to see president that has morals ,1,[],0,0,0.0,0,116,0
How much do you enjoy reading about politics ,1,[],0,0,0.0,0,117,0
Politics is the biggest debate in America ,1,[],0,0,0.0,0,118,0
In politics senators make huge salaries.,1,[],0,0,0.0,0,119,0
The election was lost by the Republican.,1,['was lost'],1,1,1.0,1,120,1
Politics can cumbersome,1,[],0,0,0.0,0,121,0
Politics have ruined this country.,1,[],0,0,0.0,0,122,0
Last year i voted for man with orange hair,1,[],0,0,0.0,0,123,0
Politics is an exciting game to watch. ,1,[],0,0,0.0,0,124,0
The President sits at his desk.,1,[],0,0,0.0,0,125,0
I think what is happening in the world is wrong,1,[],0,0,0.0,0,126,0
Misleading statements were made during the debate.,1,['were made'],1,1,1.0,1,127,1
I hated that politics class.,1,[],0,0,0.0,0,128,0
I think politics are overrated.,1,[],0,0,0.0,0,129,0
The president enacted some controversial policies.,1,[],0,0,0.0,0,130,0
Politics pays havoc with people mind.,1,[],0,0,0.0,0,131,0
Politics is very important issue in our country.,1,[],0,0,0.0,0,132,0
I think I know lot about politics.,1,[],0,0,0.0,0,133,0
I will change people opinion about racial rights.,1,[],0,0,0.0,0,134,0
Politics are not often discussed in the workplace.,1,['are not often discussed'],1,1,1.0,1,135,1
Politics are currently all anyone talks about at work.,1,[],0,0,0.0,0,136,0
I love how the polling is going ,1,[],0,0,0.0,0,137,0
Politics runs the world.,1,[],0,0,0.0,0,138,0
The incumbent senator was defeated by the challenger.,1,['was defeated'],1,1,1.0,1,139,1
"John was just elected mayor of our town, something he has always wanted to be.",1,['was just elected'],1,1,1.0,1,140,1
Politicians should not tweet about politics.,1,[],0,0,0.0,0,141,0
politics is the bane of existence.,1,[],0,0,0.0,0,142,0
The senator approval ratings had sunken since voting for the crime bill.,1,[],0,0,0.0,0,143,1
Politics was not topuc of conversation.,1,[],0,0,0.0,0,144,0
The mayor decides to run for office another year after successful year in politics.,1,[],0,0,0.0,0,145,0
I closely follow politics.,1,[],0,0,0.0,0,146,0
I voted for the President.,1,[],0,0,0.0,0,147,0
I heard many things about politics.,1,[],0,0,0.0,0,148,0
I believe politicians will not lead our country in the right direction.,1,[],0,0,0.0,0,149,0
The preident does not like politics when there devicive.,1,[],0,0,0.0,0,150,0
Politics is definitely very sensitive topic in this society.,1,[],0,0,0.0,0,151,0
The vote certification was delayed several hours due to an attack on Congress.,1,['was delayed'],1,1,1.0,1,152,1
In the past I was not very interested in politics.,1,[],0,0,0.0,0,153,0
The president is calling staff meeting.,1,[],0,0,0.0,0,154,0
I do not follow politics.,1,[],0,0,0.0,0,155,0
The political ad was placed by Cathy.,1,['was placed'],1,1,1.0,1,156,1
The politician scheduled his week-long campaign.,1,[],0,0,0.0,0,157,0
Politics makes people crazy ,1,[],0,0,0.0,0,158,0
I am going to be running for office during the next election. ,1,[],0,0,0.0,0,159,0
The election was won by the oldest candidate.,1,['was won'],1,1,1.0,1,160,1
 Effective campaigning is paramount to winning.,1,[],0,0,0.0,0,161,0
Politics are not for the soft hearted.,1,[],0,0,0.0,0,162,0
People in politics lie all the time.,1,[],0,0,0.0,0,163,0
George studied politics in college for his major.,1,[],0,0,0.0,0,164,0
I VOTED IN THE LAST ELECTION,1,[],0,0,0.0,0,165,0
Politics was used by student body.,1,['was used'],1,1,1.0,1,166,1
The nation is now calm after our new president has arrived.,1,[],0,0,0.0,0,167,0
The Senator was begging for votes.,1,[],0,0,0.0,0,168,0
We were in line with many Trump supporters. ,1,[],0,0,0.0,0,169,0
Politics can be disappointing subject.,1,[],0,0,0.0,0,170,0
The politics of it were getting messy.,1,[],0,0,0.0,0,171,0
the news told me about politics,1,[],0,0,0.0,0,172,0
The Demomcrats conceded to the Republicans objections.,1,[],0,0,0.0,0,173,0
The politicians are voting ,1,[],0,0,0.0,0,174,0
Politics have become too much to handle. ,1,[],0,0,0.0,0,175,0
Trump was defeated,1,['was defeated'],1,1,1.0,1,176,1
American politics have become highly polarized.,1,[],0,0,0.0,0,177,0
My political voice was suppressed by public opinion ,1,['was suppressed'],1,1,1.0,1,178,1
Politics can be very complex to discuss ,1,[],0,0,0.0,0,179,0
who do you want to vote,1,[],0,0,0.0,0,180,0
Politics are divisive topic.,1,[],0,0,0.0,0,181,0
Politics was once where Americans worked together to solve problems.,1,[],0,0,0.0,0,182,0
I sometimes follow politics,1,[],0,0,0.0,0,183,0
Politics are all that he had to go on.,1,[],0,0,0.0,0,184,0
Some people just don understand. ,1,[],0,0,0.0,0,185,0
The dog is barking at the mailman.,1,[],0,0,0.0,0,186,0
Politics are terrible right now,1,[],0,0,0.0,0,187,0
Poor decisions led to the loss by the candidate. ,1,[],0,0,0.0,0,188,0
When will the next Congressmen run for office ,1,[],0,0,0.0,0,189,0
I want to be more involed in Politics,1,[],0,0,0.0,0,190,0
I voted at my local voting precinct.,1,[],0,0,0.0,0,191,0
"The political process may move slowly, but eventually there are results.",1,[],0,0,0.0,0,192,0
The candidate is shown to have lied several times.,1,['is shown'],1,1,1.0,1,193,1
"If politics were not allowed in the news, there would be no news. ",1,['were not allowed'],1,1,1.0,1,194,1
The Democrats won the election this year.,1,[],0,0,0.0,0,195,0
President Biden wins the election.,1,[],0,0,0.0,0,196,0
Many citizens passionately debate politics.,1,[],0,0,0.0,0,197,0
When is Biden going to make speech in Atlanta ,1,[],0,0,0.0,0,198,0
The candidate is likely to win.,1,[],0,0,0.0,0,199,0
People are made fools due to some political leaders.,1,['are made'],1,1,1.0,1,200,1
The president was satisfied with the bill so he signed it. ,1,[],0,0,0.0,0,201,0
Politics changes the ways people understand each other.,1,[],0,0,0.0,0,202,0
Politics can be tricky on either the democratic or the republican side.,1,[],0,0,0.0,0,203,0
They are following politics.,1,[],0,0,0.0,0,204,0
THE POLITICS THIS DAYS ARE SO COMPLICATED.,1,[],0,0,0.0,0,205,0
he hates politics,1,[],0,0,0.0,0,206,0
Politics can sometimes help person reason.,1,[],0,0,0.0,0,207,0
The disease was released by the President.,1,['was released'],1,1,1.0,1,208,1
Donald Trump frequently engages in politics with other political figures.,1,[],0,0,0.0,0,209,0
He is going to run in the next election.,1,[],0,0,0.0,0,210,0
The politics of it are confusing.,1,[],0,0,0.0,0,211,0
Republicans and Democrats are opposed to one another.,1,[],0,0,0.0,0,212,0
Politics in the country suck ,1,[],0,0,0.0,0,213,0
That what became of the voters.,1,[],0,0,0.0,0,214,0
I am moderate when it comes to politics.,1,[],0,0,0.0,0,215,0
I identify as Republican.,1,[],0,0,0.0,0,216,0
The position was removed from office,1,['was removed'],1,1,1.0,1,217,1
Politics is very relevant topic in the world today.,1,[],0,0,0.0,0,218,0
Voters were discouraged to gather at the polls.,1,['were discouraged'],1,1,1.0,1,219,1
The brothers argued over who they would vote for in the election.,1,[],0,0,0.0,0,220,0
I am over the politics.,1,[],0,0,0.0,0,221,0
The election was very unfair.,1,[],0,0,0.0,0,222,0
Politics makes me so upset ,1,[],0,0,0.0,0,223,0
I avoid speaking about Politics while at work. ,1,[],0,0,0.0,0,224,0
My political views were not recognized.,1,['were not recognized'],1,1,1.0,1,225,1
I will run for political office one day.,1,[],0,0,0.0,0,226,0
My mom was already aware of the current politics.,1,[],0,0,0.0,0,227,0
They battled about immigration in the debate last night.,1,[],0,0,0.0,0,228,0
Her use of politics had been tricky to understanding in the meeting.,1,[],0,0,0.0,0,229,0
The sports being gambled on were very fast paced.,1,['being gambled'],1,1,1.0,1,230,1
Sports is an entertaining activity.,1,[],0,0,0.0,0,231,0
I do not enjoy sports.,1,[],0,0,0.0,0,232,0
The basketball team was driven home in bus.,1,['was driven'],1,1,1.0,1,233,1
I play basketball on the weekends.,1,[],0,0,0.0,0,234,0
I wish the Lakers would win.,1,[],0,0,0.0,0,235,0
Our pitcher throws 150km h.,1,[],0,0,0.0,0,236,0
I feel that sports are gateway to high fitness.,1,[],0,0,0.0,0,237,0
Sports were enjoyed by the fans.,1,['were enjoyed'],1,1,1.0,1,238,1
The football player scored touchdown.,1,[],0,0,0.0,0,239,0
The quarterback caught the ball.,1,[],0,0,0.0,0,240,0
Sports was the activity she enjoyed the most.,1,[],0,0,0.0,0,241,0
Football is the sport I played in high school.,1,[],0,0,0.0,0,242,0
Bob watched sports all day on TV.,1,[],0,0,0.0,0,243,0
Soccer was played by millions last year.,1,['was played'],1,1,1.0,1,244,1
Sports are watched for entertainment purposes by the masses.,1,['are watched'],1,1,1.0,1,245,1
My niece participates in various sports in school.,1,[],0,0,0.0,0,246,0
The ball was hit out of bounds.,1,['was hit'],1,1,1.0,1,247,1
The soccer game is alot of fun.,1,[],0,0,0.0,0,248,0
SPORTS DRIVE EVERYONE CRAZY. ,1,[],0,0,0.0,0,249,0
Sports seem boring to me. ,1,[],0,0,0.0,0,250,0
Gymnastics is one of the sports I like watching. ,1,[],0,0,0.0,0,251,1
The player had hit the ball so far.,1,[],0,0,0.0,0,252,0
Sports are entertaining to watch,1,[],0,0,0.0,0,253,0
All sports were halted during the pandemic.,1,['were halted'],1,1,1.0,1,254,1
 The government canceled all sports during the pandemic. ,1,[],0,0,0.0,0,255,0
I love hitting the baseball. ,1,[],0,0,0.0,0,256,0
I like watching sports on television ,1,[],0,0,0.0,0,257,0
Sports can help pass the time. ,1,[],0,0,0.0,0,258,0
Tiger Woods will not be playing golf due to his automobile accident.,1,[],0,0,0.0,0,259,0
Sports is entertaining.,1,[],0,0,0.0,0,260,0
Sometimes sports games can seem little long.,1,[],0,0,0.0,0,261,0
I kick the soccer ball to Sam.,1,[],0,0,0.0,0,262,0
The baseball game was playing on the TV.,1,[],0,0,0.0,0,263,0
The quarterback is being tackled before the throw.,1,['is being tackled'],1,1,1.0,1,264,1
The first-ranked tennis player won Wimbledon.,1,[],0,0,0.0,0,265,0
Sports channel was great last weekend,1,[],0,0,0.0,0,266,0
Candace is the fastest runner in her class. ,1,[],0,0,0.0,0,267,0
He plays on many sports teams. ,1,[],0,0,0.0,0,268,0
I played lot of sports,1,[],0,0,0.0,0,269,0
Many people enjoy sports.,1,[],0,0,0.0,0,270,0
Sports are extremely fun to play when one is competitive.,1,[],0,0,0.0,0,271,0
Sports are popular with kids.,1,[],0,0,0.0,0,272,0
The sports hero was known for his homerun streak.,1,['was known'],1,1,1.0,1,273,1
He was one of the best players on the court. ,1,[],0,0,0.0,0,274,0
The children played various sports on the playground.,1,[],0,0,0.0,0,275,0
Sports are keeping you healthy.,1,[],0,0,0.0,0,276,0
i not truly fan of football.,1,[],0,0,0.0,0,277,0
I playing sports more and more lately.,1,[],0,0,0.0,0,278,0
The football glided across the field.,1,[],0,0,0.0,0,279,0
Sports are important to him.,1,[],0,0,0.0,0,280,0
The cyclist pedaled quickly away from his challengers.,1,[],0,0,0.0,0,281,0
I played volleyball yesterday.,1,[],0,0,0.0,0,282,0
All sports has been cancelled due to the pandemic. ,1,['has been cancelled'],1,1,1.0,1,283,1
The sports station will be cleaned by me.,1,['will be cleaned'],1,1,1.0,1,284,1
My team was the recipient of the trophy.,1,[],0,0,0.0,0,285,0
Swimming was one of my hobbies.,1,[],0,0,0.0,0,286,0
Sports can be exciting,1,[],0,0,0.0,0,287,0
I am watching Sports and eating nachos.,1,[],0,0,0.0,0,288,0
He collided with the opposing player ,1,[],0,0,0.0,0,289,0
He used to play sports before the car crash.,1,[],0,0,0.0,0,290,0
I play basketball.,1,[],0,0,0.0,0,291,0
Sports remain entertaining.,1,[],0,0,0.0,0,292,0
The baseball game was tiring.,1,[],0,0,0.0,0,293,0
Alex Rodriguez hit home run.,1,[],0,0,0.0,0,294,0
Sports teaches people how to work in teams.,1,[],0,0,0.0,0,295,0
"If the team has weak offensive line, their quarterback will more likely be sacked.",1,['be sacked'],1,1,1.0,1,296,1
The opposing team was prevented from scoring.,1,['was prevented'],1,1,1.0,1,297,1
We play sports.,1,[],0,0,0.0,0,298,0
Soccer is game reserved for dedicated athletes.,1,[],0,0,0.0,0,299,0
im into sports,1,[],0,0,0.0,0,300,0
The player was sent to the bench.,1,['was sent'],1,1,1.0,1,301,1
Kids need sports for their physical development,1,[],0,0,0.0,0,302,0
watching sports is fun.,1,[],0,0,0.0,0,303,0
The ball was thrown.,1,['was thrown'],1,1,1.0,1,304,1
Cheerleading was one of my favorite sports when I was in high school. ,1,[],0,0,0.0,0,305,0
Sports are played. ,1,['are played'],1,1,1.0,1,306,1
I hit the ball in baseball.,1,[],0,0,0.0,0,307,0
Sports bring fun to the masses.,1,[],0,0,0.0,0,308,0
Kansas City should have won the game.,1,[],0,0,0.0,0,309,0
The sports team is good,1,[],0,0,0.0,0,310,0
The quarterback threw the ball. ,1,[],0,0,0.0,0,311,0
i played sports,1,[],0,0,0.0,0,312,0
Sports are the greatest thing ever created ,1,['thing ever created'],1,1,1.0,1,313,0
Sports were popular even amongst early man ,1,[],0,0,0.0,0,314,0
Sports were not his favorite topic.,1,[],0,0,0.0,0,315,0
Sports was broadcasted earlier than usual.,1,['was broadcasted'],1,1,1.0,1,316,1
I love to play sports.,1,[],0,0,0.0,0,317,0
I performed well in my basketball game.,1,[],0,0,0.0,0,318,0
The ball ended up in the goal.,1,[],0,0,0.0,0,319,0
This was great year for Sports in Tampa. ,1,[],0,0,0.0,0,320,0
My brother played soccer and I was chatting to my friend while he was playing.,1,[],0,0,0.0,0,321,0
Billy is sports fanatic.,1,[],0,0,0.0,0,322,0
She did not have talent in Sports.,1,[],0,0,0.0,0,323,0
Sports isn cancelled yet. ,1,[],0,0,0.0,0,324,1
He was interested in playing basketball.,1,[],0,0,0.0,0,325,0
I love baseball ,1,[],0,0,0.0,0,326,0
I played all types of sports when I was younger.,1,[],0,0,0.0,0,327,0
Football is fun to watch.,1,[],0,0,0.0,0,328,0
I love playing and watching sports.,1,[],0,0,0.0,0,329,0
I hate playing sports,1,[],0,0,0.0,0,330,0
"Johnnie plays several sports, including basketball, football and wrestling.",1,[],0,0,0.0,0,331,0
Sue cheered at the baseball game. ,1,[],0,0,0.0,0,332,0
Football was played by the kids during recess. ,1,['was played'],1,1,1.0,1,333,1
The new player was delighted by the star player athletic ability.,1,['was delighted'],1,1,1.0,1,334,1
Tom Brady the goat. ,1,[],0,0,0.0,0,335,0
Sports is not the only thing on television these days.,1,[],0,0,0.0,0,336,0
i enjoy participating in sports,1,[],0,0,0.0,0,337,0
I am playing sports this afternoon. ,1,[],0,0,0.0,0,338,0
Sam throws the soccer ball to his dog.,1,[],0,0,0.0,0,339,0
I watch the sport of baseball daily.,1,[],0,0,0.0,0,340,0
Sports can be means to express oneself,1,[],0,0,0.0,0,341,0
I love to play sports.,1,[],0,0,0.0,0,342,0
I don watch sports as frequently as I used to. ,1,[],0,0,0.0,0,343,0
Sports figures are paid exorbitant amounts of money.,1,['are paid'],1,1,1.0,1,344,0
The team was cheered on by their fans.,1,['was cheered'],1,1,1.0,1,345,1
I am very interested in basketball.,1,[],0,0,0.0,0,346,0
Sports is just not my interest.,1,[],0,0,0.0,0,347,0
He never enjoyed playing sports.,1,[],0,0,0.0,0,348,0
Sports bring many people together.,1,[],0,0,0.0,0,349,0
The game was lost by the team.,1,['was lost'],1,1,1.0,1,350,1
I love to participate in sports.,1,[],0,0,0.0,0,351,0
I used to play sports when I was younger.,1,[],0,0,0.0,0,352,0
I shot basketball and pooped at the same time. ,1,[],0,0,0.0,0,353,0
Sports are way of killing time. ,1,[],0,0,0.0,0,354,0
The field was filled with players.,1,[],0,0,0.0,0,355,0
my team is winning,1,[],0,0,0.0,0,356,0
Tackles were missed on the long touchdown run.,1,['were missed'],1,1,1.0,1,357,1
I had the best time at that football game.,1,[],0,0,0.0,0,358,0
Sports are mildly amusing.,1,[],0,0,0.0,0,359,0
The baseball player hit more home runs than any other player this season.,1,[],0,0,0.0,0,360,0
Sports plays crucial role in everyone life.,1,[],0,0,0.0,0,361,0
"Being in football requires, good education and good attitude.",1,[],0,0,0.0,0,362,0
I watched sports on T.V. last night.,2,[],0,0,0.0,0,363,0
I played basketball when I was kid.,1,[],0,0,0.0,0,364,0
Team sports ceased during the pandemic,1,[],0,0,0.0,0,365,0
Sports are great for getting in some extra exercise ,1,[],0,0,0.0,0,366,0
"Oh man, that looks fun ",1,[],0,0,0.0,0,367,0
Sports impact the betting business.,1,[],0,0,0.0,0,368,0
The field goal was made by the kicker.,1,['was made'],1,1,1.0,1,369,1
The quarterback practiced daily.,1,[],0,0,0.0,0,370,0
Extreme sports open up new horizons.,1,[],0,0,0.0,0,371,0
sports are no longer exciting.,1,[],0,0,0.0,0,372,0
The player could not keep track of the ball.,1,[],0,0,0.0,0,373,0
Sports were halted during the pandemic.,1,['were halted'],1,1,1.0,1,374,1
Playing baseball with the team is one example of sports.,1,[],0,0,0.0,0,375,0
I play basketball.,1,[],0,0,0.0,0,376,0
I kicked the ball in the goal.,1,[],0,0,0.0,0,377,0
I heard nothing about sports.,1,[],0,0,0.0,0,378,0
I love football season and March Madness.,1,[],0,0,0.0,0,379,0
my time was not recognized at the sports game.,1,['was not recognized'],1,1,1.0,1,380,1
Sport are fun but are very difficult and time consuming when done professionally.,1,[],0,0,0.0,0,381,1
The off-season is covered extensively on espn.com.,1,['is covered'],1,1,1.0,1,382,1
I never did much with sports.,1,[],0,0,0.0,0,383,0
The football player is running for office.,1,[],0,0,0.0,0,384,0
Football is the only sport I watch.,1,[],0,0,0.0,0,385,0
The baseball game was watched at 5 P.M.,1,['was watched'],1,1,1.0,1,386,1
The ball was dribbled by me.,1,['was dribbled'],1,1,1.0,1,387,1
I love watching sports on TV.,1,[],0,0,0.0,0,388,0
I am going to play some baseball ,1,[],0,0,0.0,0,389,0
The ball was thrown by the tallest player on the team.,1,['was thrown'],1,1,1.0,1,390,1
The Basketball season is ending.,1,[],0,0,0.0,0,391,0
Sports are welcome respite.,1,[],0,0,0.0,0,392,0
Sports teams are always looking for new players. ,1,[],0,0,0.0,0,393,0
Frank played sports all through high school.,1,[],0,0,0.0,0,394,0
I LOVE PLAYING GOLF,1,[],0,0,0.0,0,395,0
Sports was used by politician.,1,['was used'],1,1,1.0,1,396,1
The player was left saddened by the bad play. ,1,['was left'],1,1,1.0,1,397,1
I wish I could play softball.,1,[],0,0,0.0,0,398,0
We were watching the ball game. ,1,[],0,0,0.0,0,399,0
Sports make me happy when my team wins.,1,[],0,0,0.0,0,400,0
The sports games were cancelled. ,1,['were cancelled'],1,1,1.0,1,401,1
the baseball player was good at sports,1,[],0,0,0.0,0,402,0
The Soccer player was sent to the bench.,1,['was sent'],1,1,1.0,1,403,1
I am playing basketball ,1,[],0,0,0.0,0,404,0
Everybody loves to watch sports.,1,[],0,0,0.0,0,405,0
NBA fans are screwed,1,[],0,0,0.0,0,406,0
The sports complex is across the street.,1,[],0,0,0.0,0,407,0
Sports were taking up significant part of my life,1,[],0,0,0.0,0,408,0
I love watching Sports ,1,[],0,0,0.0,0,409,0
I love football,1,[],0,0,0.0,0,410,0
Soccer is the most watched of all sports worldwide.,1,[],0,0,0.0,0,411,0
Sports is now just another arm of politics. ,1,[],0,0,0.0,0,412,0
I like basketball,1,[],0,0,0.0,0,413,0
He was very interested in sports in high school.,1,[],0,0,0.0,0,414,0
You missed my game. ,1,[],0,0,0.0,0,415,0
Close the door after you come inside.,1,[],0,0,0.0,0,416,0
I like watching my sports right now,1,[],0,0,0.0,0,417,0
The ball was kicked by the goalie. ,1,['was kicked'],1,1,1.0,1,418,1
When will the Chicago Bulls win their next game ,1,[],0,0,0.0,0,419,0
I played basketball,1,[],0,0,0.0,0,420,0
The ball sailed over my head and I lost the points.,1,[],0,0,0.0,0,421,0
"Not everyone is sports fan, but I love them.",1,[],0,0,0.0,0,422,0
She had been the last to bat in two innings.,1,[],0,0,0.0,0,423,0
"At one time in history, sports were America favorite past time, but now it is being offended. ",1,['is being offended'],1,1,1.0,1,424,1
The team did an okay job this match.,1,[],0,0,0.0,0,425,0
Chris used to play baseball.,1,[],0,0,0.0,0,426,0
The students play sports every day.,1,[],0,0,0.0,0,427,0
The Cardinals will begin playing in one hour. ,1,[],0,0,0.0,0,428,0
The athlete won the race.,1,[],0,0,0.0,0,429,0
Basketball is sport commonly played.,1,[],0,0,0.0,0,430,0
The players celebrated when the game ended. ,1,[],0,0,0.0,0,431,0
Sports controls much of the attention in college towns.,1,[],0,0,0.0,0,432,0
Sports can be very interesting and fun spectating event.,1,[],0,0,0.0,0,433,0
They played the sports.,1,[],0,0,0.0,0,434,0
SPORTS IS ONE OF ACTIVITY TO BUILD YOUR BODY S IMMUNE SYSTEM.,1,[],0,0,0.0,0,435,0
he likes sports,1,[],0,0,0.0,0,436,0
A sports team is selling t-shirts outside.,1,[],0,0,0.0,0,437,0
The ball was caught by the catcher.,1,['was caught'],1,1,1.0,1,438,1
"Sports, such as football and soccer, entertain people of all ages.",1,[],0,0,0.0,0,439,0
He was going to quit the team.,1,[],0,0,0.0,0,440,0
The sports arena is filled.,1,[],0,0,0.0,0,441,0
A pitcher throws the ball to batter in baseball.,1,[],0,0,0.0,0,442,0
Sports are fun afterschool activity for kids.,1,[],0,0,0.0,0,443,0
I wish I hit the baseball.,1,[],0,0,0.0,0,444,0
My favorite Sports game is arm chair football.,1,[],0,0,0.0,0,445,0
I played soccer.,1,[],0,0,0.0,0,446,0
Sports were never mentioned ,1,['were never mentioned'],1,1,1.0,1,447,1
Playing sports is great exercise.,1,[],0,0,0.0,0,448,0
Players had been taken off the field.,1,['had been taken'],1,1,1.0,1,449,1
The ball just barely hit the hoop as it went through the basket.,1,[],0,0,0.0,0,450,0
Sports are fun.,1,[],0,0,0.0,0,451,0
I wish I had seen the game.,1,[],0,0,0.0,0,452,0
Sports is probably the absolute best way to pass time.,1,[],0,0,0.0,0,453,0
Sports promote living an active lifestyle. ,1,[],0,0,0.0,0,454,0
The player was sent off before the end of the period.,1,['was sent'],1,1,1.0,1,455,1
I am on the way to tackle the player on the field.,1,[],0,0,0.0,0,456,0
Bill and Dan were talking about sports.,1,[],0,0,0.0,0,457,0
They won the game 10-7,1,[],0,0,0.0,0,458,0
Sports were discussed at dinner yesterday.,1,['were discussed'],1,1,1.0,1,459,1
The science being done was cutting edge.,1,['being done'],1,1,1.0,1,460,1
Science will solve many new problems.,1,[],0,0,0.0,0,461,0
I liked science in school.,1,[],0,0,0.0,0,462,0
The students were tested on the periodic chart.,1,['were tested'],1,1,1.0,1,463,1
The biologists studies various life forms. ,1,[],0,0,0.0,0,464,0
I wish that the days was longer.,1,[],0,0,0.0,0,465,0
The engineer used result from esoteric mathematics.,1,[],0,0,0.0,0,466,0
Science is going to pave the way to the future.,1,[],0,0,0.0,0,467,0
A fascinating subject is science.,1,[],0,0,0.0,0,468,0
The doctor discovered cure for cancer.,1,[],0,0,0.0,0,469,0
Atoms split during nuclear fission.,1,[],0,0,0.0,0,470,0
Science was the theme of the fair.,1,[],0,0,0.0,0,471,0
"When discussing science, less said the better.",1,[],0,0,0.0,0,472,0
The scientist studies the new data.,1,[],0,0,0.0,0,473,0
Many research articles are published.,1,['are published'],1,1,1.0,1,474,0
Science is trusted by intelligent and informed people.,1,['is trusted'],1,1,1.0,1,475,1
We should listen to science in our battle against COVID-19.,1,[],0,0,0.0,0,476,0
The chemicals were ordered by the lab.,1,['were ordered'],1,1,1.0,1,477,1
How does science relate in the studies of the humanities ,1,[],0,0,0.0,0,478,0
SCIENCE MAKES EVERYONE HAVE FUN.,1,[],0,0,0.0,0,479,0
Science is risky business. ,1,[],0,0,0.0,0,480,0
Perserverance successful landing delighted me ,1,[],0,0,0.0,0,481,0
"The moon has been around for very long time, I wish I saw the rocket launch back in the day.",1,[],0,0,0.0,0,482,0
Science explains lot of phenomena ,1,[],0,0,0.0,0,483,0
Science was almost destroyed by the ignorant masses.,1,['was almost destroyed'],1,1,1.0,1,484,1
 Science will cure all our problems. ,1,[],0,0,0.0,0,485,0
The scientists evaluated their theses in the lab. ,1,[],0,0,0.0,0,486,0
I wish I was scientist ,1,[],0,0,0.0,0,487,0
Science isn believed by everyone. ,1,[],0,0,0.0,0,488,1
New video from the Mars landing is online.,1,[],0,0,0.0,0,489,0
Science is useful.,1,[],0,0,0.0,0,490,0
Some people think that science is not real ,1,[],0,0,0.0,0,491,0
I look through telescopes to see the planet and stars. ,1,[],0,0,0.0,0,492,0
The infection was caused by covid.,1,['was caused'],1,1,1.0,1,493,1
Theaters are moving slowly as I look at the sky.,1,[],0,0,0.0,0,494,0
The physics teacher advocated encouraging women students to study S.T.E.M. subjects.,2,[],0,0,0.0,0,495,0
The full moon passed last week.,1,[],0,0,0.0,0,496,0
She completed the lab experiment.,1,[],0,0,0.0,0,497,0
Mary studied science in college. ,1,[],0,0,0.0,0,498,0
I took the science class,1,[],0,0,0.0,0,499,0
Science study is gaining interest.,1,[],0,0,0.0,0,500,0
Science is difficult subject.,1,[],0,0,0.0,0,501,0
Science classes are full.,1,[],0,0,0.0,0,502,0
Science is known for its research.,1,['is known'],1,1,1.0,1,503,0
Scientists were studying. ,1,[],0,0,0.0,0,504,0
The teacher showed the students the science textbook.,1,[],0,0,0.0,0,505,0
The science of global warming is very popular. ,1,[],0,0,0.0,0,506,0
Science has come such long way since i was born.,1,[],0,0,0.0,0,507,0
I studying science so I can make career out of it.,1,[],0,0,0.0,0,508,0
The chemical interaction resulted in an explosion.,1,[],0,0,0.0,0,509,0
He is interested in Science,1,[],0,0,0.0,0,510,0
Dr. Fauci applies science when he speaks about Covid strategy.,1,[],0,0,0.0,0,511,0
We performed an experiment in the lab today.,1,[],0,0,0.0,0,512,0
Science is the key to make progress. ,1,[],0,0,0.0,0,513,0
The science fair will be very busy today.,1,[],0,0,0.0,0,514,0
My science textbook was rather outdated.,1,[],0,0,0.0,0,515,0
A lot of time was put into researching for vaccine.,1,['was put'],1,1,1.0,1,516,1
The science of it is strong.,1,[],0,0,0.0,0,517,0
I am taking Science class.,1,[],0,0,0.0,0,518,0
I stirred the bot until the chemical blew up ,1,[],0,0,0.0,0,519,0
She studied science at the local university. ,1,[],0,0,0.0,0,520,0
I conduct chemical experiments.,1,[],0,0,0.0,0,521,0
Science explores our existance.,1,[],0,0,0.0,0,522,0
Science was never strong topic for me in school.,1,[],0,0,0.0,0,523,0
Dr. Fauci made remarks about the variants of COVID-19.,1,[],0,0,0.0,0,524,0
Science gives many people employment opportunities.,1,[],0,0,0.0,0,525,0
Pluto was discovered in the 20th century.,1,['was discovered'],1,1,1.0,1,526,1
Money was not granted for research.,1,['was not granted'],1,1,1.0,1,527,1
Science has many different categories.,1,[],0,0,0.0,0,528,0
Chemistry reveals the mysteries of everyday chain reactions.,1,[],0,0,0.0,0,529,0
im into science,1,[],0,0,0.0,0,530,0
Chemistry is an interesting field of study.,1,[],0,0,0.0,0,531,0
Science rocks,1,[],0,0,0.0,0,532,0
Science is important for growth.,1,[],0,0,0.0,0,533,0
The animals were used in the experiment.,1,['were used'],1,1,1.0,1,534,1
Science can be quite fun when doing experiments. ,1,[],0,0,0.0,0,535,0
Science is great.,1,[],0,0,0.0,0,536,0
I love science.,1,[],0,0,0.0,0,537,0
Science lead to medical progress.,1,[],0,0,0.0,0,538,0
He was late for his geology class yesterday.,1,[],0,0,0.0,0,539,0
The science class seems fun,1,[],0,0,0.0,0,540,0
The biologists helped create vaccine. ,1,[],0,0,0.0,0,541,0
he enjoyed sceince,1,[],0,0,0.0,0,542,0
"Science is so very exciting, especially for the younger kids.",1,[],0,0,0.0,0,543,0
Science was discussed at the meeting,1,['was discussed'],1,1,1.0,1,544,1
The subject discussed was science.,1,[],0,0,0.0,0,545,1
Science required lot more study time than Math.,1,[],0,0,0.0,0,546,0
I read magazines about science.,1,[],0,0,0.0,0,547,0
"Science is the best learning subject,",1,[],0,0,0.0,0,548,0
DNA was discovered by Watson and Crick.,1,['was discovered'],1,1,1.0,1,549,1
Life is more like science experiment with each day changing. ,1,[],0,0,0.0,0,550,0
I experimented with with some salt in water while I read the instructions.,1,[],0,0,0.0,0,551,0
Science makes the unbelievable understandable.,1,[],0,0,0.0,0,552,0
I do not know much about science.,1,[],0,0,0.0,0,553,0
Science is the final frontier. ,1,[],0,0,0.0,0,554,0
The professor was struggling to teach evolution to the creationists. ,1,[],0,0,0.0,0,555,0
I really enjoy chemistry.,1,[],0,0,0.0,0,556,0
We can learn lot of fun things in science class.,1,[],0,0,0.0,0,557,0
The scientist is from New York.,1,[],0,0,0.0,0,558,0
Tyson names science as one of his favorite school subjects.,1,[],0,0,0.0,0,559,0
I love science,1,[],0,0,0.0,0,560,0
"I study science and therefore, am knowledgeable about vaccines.",1,[],0,0,0.0,0,561,0
I mixed the chemical per instruction in the lab. ,1,[],0,0,0.0,0,562,0
The vaccine was developed by top scientists in the country. ,1,['was developed'],1,1,1.0,1,563,1
The microscope was focused on the sample of skin cells.,1,['was focused'],1,1,1.0,1,564,1
Bill Nye the Science guy had his own tv show. ,1,[],0,0,0.0,0,565,0
Science is the S is STEM.,1,[],0,0,0.0,0,566,0
i wish i had engaged more in Science class,1,[],0,0,0.0,0,567,0
I am going to Science class today. ,1,[],0,0,0.0,0,568,0
I am measuring the temperature of this beaker.,1,[],0,0,0.0,0,569,0
I take science class everyday.,1,[],0,0,0.0,0,570,0
Science explains great deal about the universe,1,[],0,0,0.0,0,571,0
I a big fan of science.,1,[],0,0,0.0,0,572,0
Today settled science is tomorrow flat earth theory. ,1,[],0,0,0.0,0,573,0
Science can never answer every question.,1,[],0,0,0.0,0,574,0
The science teacher was pleased with his students test scores.,1,[],0,0,0.0,0,575,0
This is the most important scientific breakthrough in recent years. ,1,[],0,0,0.0,0,576,0
Every student must take class in science.,1,[],0,0,0.0,0,577,0
The student skipped science class.,1,[],0,0,0.0,0,578,0
In Science many scientists spend their time researching new theories.,1,[],0,0,0.0,0,579,0
The sea tides are controlled by the moon.,1,['are controlled'],1,1,1.0,1,580,1
Science is must,1,[],0,0,0.0,0,581,0
"The professor taught science, but was not very good at it.",1,[],0,0,0.0,0,582,0
I skipped my science class. ,1,[],0,0,0.0,0,583,0
Science tells us things about our world. ,1,[],0,0,0.0,0,584,0
The laboratory is filled with chemicals.,1,[],0,0,0.0,0,585,0
what is happening in the world right now is science,1,[],0,0,0.0,0,586,0
False findings were presented at the conference. ,1,['were presented'],1,1,1.0,1,587,1
"When I used to take biology, I enjoyed it.",1,[],0,0,0.0,0,588,0
I think science is interesting.,1,[],0,0,0.0,0,589,0
The biologist fought with the psychologist about the results of the other.,1,[],0,0,0.0,0,590,0
Science is the main driver of advancement.,1,[],0,0,0.0,0,591,0
Science use to be my favorite subject ,1,[],0,0,0.0,0,592,0
I watched man on about science experiments. ,1,[],0,0,0.0,0,593,0
I wish I could investigate more on volcanoes.,1,[],0,0,0.0,0,594,0
Science was not taken into consideration during the discussion.,1,['was not taken'],1,1,1.0,1,595,1
Science is the favorite subject of my entire class.,1,[],0,0,0.0,0,596,0
now we can blow it up ,1,[],0,0,0.0,0,597,0
Science is making the world better place.,1,[],0,0,0.0,0,598,0
The biology experiment was approved by the committee.,1,['was approved'],1,1,1.0,1,599,1
Science is Matt favorite subject he loves solving problems,1,[],0,0,0.0,0,600,0
Science has discovered the cell cycle is influenced by many things.,1,['is influenced'],1,1,1.0,1,601,1
science is evolving continuously.,1,[],0,0,0.0,0,602,0
The water was heated to boiling point.,1,[],0,0,0.0,0,603,1
science has been given more recognition after covid.,1,['has been given'],1,1,1.0,1,604,1
Students perform experiments as part of learning about the subject of science.,1,[],0,0,0.0,0,605,0
It is important to study science.,1,[],0,0,0.0,0,606,0
Flowers produce nectar to attract insects.,1,[],0,0,0.0,0,607,0
I heard science was important.,1,[],0,0,0.0,0,608,0
I love learning about medical technology advances.,1,[],0,0,0.0,0,609,0
The scientest was satisfied with his colegues anatomy esay.,1,[],0,0,0.0,0,610,0
Science is very difficult to some people.,1,[],0,0,0.0,0,611,0
The experiment was conducted over period of six months.,1,['was conducted'],1,1,1.0,1,612,1
I wish I had studied science in school.,1,[],0,0,0.0,0,613,0
The lab tech is working late.,1,[],0,0,0.0,0,614,0
I like to read about science.,1,[],0,0,0.0,0,615,0
The theory was proven by scientist.,1,['was proven'],1,1,1.0,1,616,1
The frog was dissected for exploration.,1,['was dissected'],1,1,1.0,1,617,1
Science blows that theory out of the water.,1,[],0,0,0.0,0,618,0
I am going to do crazy experiment in chemistry.,1,[],0,0,0.0,0,619,0
The experiment was completed by the team with the largest monetary grant.,1,['was completed'],1,1,1.0,1,620,1
Science knowledge has grown exponentially in the last decade. ,1,[],0,0,0.0,0,621,0
Science and politics make strange bedfellows.,1,[],0,0,0.0,0,622,0
Many people think science is the most important part of evolution. ,1,[],0,0,0.0,0,623,0
Ralph enjoyed teaching science in his classroom.,1,[],0,0,0.0,0,624,0
VIROLOGY IS THE STUDY OF VIRUSES,1,[],0,0,0.0,0,625,0
Science was neglected.,1,['was neglected'],1,1,1.0,1,626,1
The girl quickly cleaned up the mess she made after combining chemicals in the test tube.,1,[],0,0,0.0,0,627,0
The scientist measured the chemicals for the experiment.,1,[],0,0,0.0,0,628,0
We were studying physics. ,1,[],0,0,0.0,0,629,0
Science is about observation.,1,[],0,0,0.0,0,630,0
The science was sound and well reasoned.,1,[],0,0,0.0,0,631,0
the kids learned science at school,1,[],0,0,0.0,0,632,0
The scientists were made to reschedule their rocket launch.,1,['were made'],1,1,1.0,1,633,1
The science is evolving ,1,[],0,0,0.0,0,634,0
Science is the truth.,1,[],0,0,0.0,0,635,0
it was called science matter,1,['was called'],1,1,1.0,1,636,0
Science is always evolving with new information.,1,[],0,0,0.0,0,637,0
Science was denied in the national news,1,['was denied'],1,1,1.0,1,638,1
Science can be difficult topic to discuss ,1,[],0,0,0.0,0,639,0
I hate science,1,[],0,0,0.0,0,640,0
Science is my son favorite subject.,1,[],0,0,0.0,0,641,0
Science is our salvation. ,1,[],0,0,0.0,0,642,0
I read about latest developments in science,1,[],0,0,0.0,0,643,0
Science was her second choice after she realized she didn qualify for the Arts program.,1,[],0,0,0.0,0,644,0
You forgot about the assignment. ,1,[],0,0,0.0,0,645,0
I am baking chocolate cake this evening.,1,[],0,0,0.0,0,646,0
Science is doing wonders right now,1,[],0,0,0.0,0,647,0
Discoveries were made in the Chemistry laboratory. ,1,['were made'],1,1,1.0,1,648,1
When will everyone have chance to get COVID-19 vaccine ,1,[],0,0,0.0,0,649,0
Science helps me discover other planets.,1,[],0,0,0.0,0,650,0
Stephen poured one chemical into another with small poof of smoke.,1,[],0,0,0.0,0,651,0
The scientist was excited by her new discovery.,1,['was excited'],1,1,1.0,1,652,1
The experiment had been repeated by other labs.,1,['had been repeated'],1,1,1.0,1,653,1
In science we were asked to build model volcano. ,1,['were asked'],1,1,1.0,1,654,1
I don really know much about science.,1,[],0,0,0.0,0,655,0
Sam is going to take the science exam.,1,[],0,0,0.0,0,656,0
We need to follow the science to get through this pandemic.,1,[],0,0,0.0,0,657,0
The new trial for the vaccine will begin today. ,1,[],0,0,0.0,0,658,0
Science is an important subject in school.,1,[],0,0,0.0,0,659,0
Lot of benefits are provided by science.,1,['are provided'],1,1,1.0,1,660,1
The science experiment illustrated how water freezes. ,1,[],0,0,0.0,0,661,0
Science creates new knowledge we use to shape our world.,1,[],0,0,0.0,0,662,0
We can learn lot about COVID-19 from science and research.,1,[],0,0,0.0,0,663,0
Children learn science.,1,[],0,0,0.0,0,664,0
SCIENCE IS FUNDAMENTAL OF PHYSICS.,1,[],0,0,0.0,0,665,0
I was good in Science.,1,[],0,0,0.0,0,666,0
Science has contributed to many advances in beauty.,1,[],0,0,0.0,0,667,0
The monkey was studied by Scientist name Jack.,1,['was studied'],1,1,1.0,1,668,1
"Science, specifically biology, interests Kiera the most in school. ",1,[],0,0,0.0,0,669,0
He was going to ask about climate change.,1,[],0,0,0.0,0,670,0
There is science to what will happen.,1,[],0,0,0.0,0,671,0
Scientists love facts.,1,[],0,0,0.0,0,672,0
Science is popular subject to take in college.,1,[],0,0,0.0,0,673,0
Who knows if it science or fiction ,1,[],0,0,0.0,0,674,0
It is Science that is curing the nation from the Covid virus.,1,[],0,0,0.0,0,675,0
I hate studying science.,1,[],0,0,0.0,0,676,0
Science has been my worst subject ,1,[],0,0,0.0,0,677,0
Science is very big topic lately.,1,[],0,0,0.0,0,678,0
Discoveries in physic were lagging from past years.,1,[],0,0,0.0,0,679,0
Plants make nutrients with their leaves and roots.,1,[],0,0,0.0,0,680,0
Science is interesting.,1,[],0,0,0.0,0,681,0
The science was manipulated to make the people wear masks.,1,['was manipulated'],1,1,1.0,1,682,1
I love how complex science is ,2,[],0,0,0.0,0,683,0
Science divides into many different sub-categories. ,1,[],0,0,0.0,0,684,0
My hypothesis was not recognized.,1,['was not recognized'],1,1,1.0,1,685,1
I wish I could use the microscope.,1,[],0,0,0.0,0,686,0
The teacher was completed the science fair.,1,['was completed'],1,1,1.0,1,687,0
They had found some evidence of rashes in the vaccine.,1,[],0,0,0.0,0,688,0
Science has been an essential component of recovery from the global pandemic.,1,[],0,0,0.0,0,689,0
The culture was being appropriated.,1,['was being appropriated'],1,1,1.0,1,690,1
The culture is delightful to me.,1,[],0,0,0.0,0,691,0
I would love to learn about different culture ,1,[],0,0,0.0,0,692,0
Thanksgiving dinner was eaten at home.,1,['was eaten'],1,1,1.0,1,693,1
Americans enjoy barbecuing on July 4th. ,1,[],0,0,0.0,0,694,0
I wish I could see them during the ceremony.,1,[],0,0,0.0,0,695,0
I learning new language.,1,[],0,0,0.0,0,696,0
I feel culture is imperative to style.,1,[],0,0,0.0,0,697,0
The people were shaped by culture.,1,['were shaped'],1,1,1.0,1,698,1
Young people these days are on their phones constantly.,1,[],0,0,0.0,0,699,0
"The Cherokee tribal traditions include language, spirituality, food, storytelling, and art.",1,[],0,0,0.0,0,700,0
Culture was taught at school.,1,['was taught'],1,1,1.0,1,701,1
"As for culture, they clearly had none.",1,[],0,0,0.0,0,702,0
The museum exhibit will make us question reality. ,1,[],0,0,0.0,0,703,0
Culture was common study topic.,1,[],0,0,0.0,0,704,0
Culture is passed down through generations of people.,1,['is passed'],1,1,1.0,1,705,1
I am very surprised at all of the Cancel Culture initiaves.,1,[],0,0,0.0,0,706,0
The magazine was delivered to her house. ,1,['was delivered'],1,1,1.0,1,707,1
Japanese culture thrives on an honorable set of values.,1,[],0,0,0.0,0,708,0
EVERYONE IS MOLDED BY CULTURE. ,1,['is molded'],1,1,1.0,1,709,1
Culture is an ideology. ,1,[],0,0,0.0,0,710,0
I enjoy culture activities such as dance and plays.,1,[],0,0,0.0,0,711,0
The room is filled with lot of diversity.,1,[],0,0,0.0,0,712,0
Culture enriches our lives,1,[],0,0,0.0,0,713,0
Roman culture was destroyed by the barbarians.,1,['was destroyed'],1,1,1.0,1,714,1
Culture enlivens our lives.,1,[],0,0,0.0,0,715,0
The museum attendees gawked at the Egyptian tombs. ,1,[],0,0,0.0,0,716,0
I will influence the culture ,1,[],0,0,0.0,0,717,0
Cultures are different all over the world. ,1,[],0,0,0.0,0,718,0
The Scandinavian Heritage festival takes place on Memorial Day weekend.,1,[],0,0,0.0,0,719,0
The culture was toxic.,1,[],0,0,0.0,0,720,0
I always wondered what is American culture. ,1,[],0,0,0.0,0,721,0
Some cultures bow to each other in greeting.,1,[],0,0,0.0,0,722,0
Our culture has been overtaken by political correctness.,1,['has been overtaken'],1,1,1.0,1,723,1
This concert is filled with cultural experience.,1,[],0,0,0.0,0,724,0
I went to the museum to learn about Japanese art culture.,1,[],0,0,0.0,0,725,0
Back in the day culture was important.,1,[],0,0,0.0,0,726,0
I learned lot about the African culture.,1,[],0,0,0.0,0,727,0
Her Irish culture shows when she get angry. ,1,[],0,0,0.0,0,728,0
I experience the country culture,1,[],0,0,0.0,0,729,0
Culture is important to society.,1,[],0,0,0.0,0,730,0
Culture is varied among the world.,1,[],0,0,0.0,0,731,0
Culture is the way we understand our society.,1,[],0,0,0.0,0,732,0
The culture had been known.,1,['had been known'],1,1,1.0,1,733,1
They were from different country. ,1,[],0,0,0.0,0,734,0
I enjoy engaging in cultures other than my own.,1,[],0,0,0.0,0,735,0
Our culture is changing with each generation. ,1,[],0,0,0.0,0,736,0
i wondering if the culture within our organization is safe.,1,[],0,0,0.0,0,737,0
My culture is part of who I am. ,1,[],0,0,0.0,0,738,0
The changing culture has had negative effect on society.,1,[],0,0,0.0,0,739,0
The culture was different than she expected,1,[],0,0,0.0,0,740,0
The company embraces culture of diversity.,1,[],0,0,0.0,0,741,0
We learned about the Chinese culture when we were there.,1,[],0,0,0.0,0,742,0
My culture is disappearing fast.,1,[],0,0,0.0,0,743,0
The people in the Indian culture were running. ,1,[],0,0,0.0,0,744,0
The island culture was judged as being primitive.,1,['was judged'],1,1,1.0,1,745,1
Thanksgiving is celebrated by Americans.,1,['is celebrated'],1,1,1.0,1,746,1
The culture of country is important,1,[],0,0,0.0,0,747,0
I am immersing myself in my Latina Culture.,1,[],0,0,0.0,0,748,0
They danced to their cultural music ,1,[],0,0,0.0,0,749,0
The town culture disappeared after the volcano eruption.,1,[],0,0,0.0,0,750,0
The black lives matter movement is powerful.,1,[],0,0,0.0,0,751,0
Culture enables understanding.,1,[],0,0,0.0,0,752,0
People of different cultures were not represented in the meeting.,1,['were not represented'],1,1,1.0,1,753,1
The painting had hints of Japanese culture to it.,1,[],0,0,0.0,0,754,0
Culture has very divisive nature.,1,[],0,0,0.0,0,755,0
Some songs are popularized by the movies that played them.,1,['are popularized'],1,1,1.0,1,756,1
Our culture has been corrupted.,1,['has been corrupted'],1,1,1.0,1,757,1
Your culture comes from your community.,1,[],0,0,0.0,0,758,0
Culture is something people have in common.,1,[],0,0,0.0,0,759,0
I am into culture,1,[],0,0,0.0,0,760,0
Social media use is rampant among young people.,1,[],0,0,0.0,0,761,0
There is culture war going on in today society,1,[],0,0,0.0,0,762,0
We need to preserve our culture.,1,[],0,0,0.0,0,763,0
The award winner was nominated that night.,1,['was nominated'],1,1,1.0,1,764,1
Exploring different cultures can be quite fun. ,1,[],0,0,0.0,0,765,0
Culture is learned. ,1,['is learned'],1,1,1.0,1,766,1
I celebrate Christmas because I am catholic.,1,[],0,0,0.0,0,767,0
Culture brings sophistication to society.,1,[],0,0,0.0,0,768,0
The students had already studied the achievements of the country.,1,[],0,0,0.0,0,769,0
The culture of that country is cool,1,[],0,0,0.0,0,770,0
Italians love to eat pasta. ,1,[],0,0,0.0,0,771,0
the person is cultured,1,[],0,0,0.0,0,772,0
Everyone is mean in this culture ,1,[],0,0,0.0,0,773,0
Egyptian culture was extremely weird.,1,[],0,0,0.0,0,774,0
Culture has been overlooked in many areas.,1,['has been overlooked'],1,1,1.0,1,775,1
Culture requires different points of view.,1,[],0,0,0.0,0,776,0
I know lot about culture.,1,[],0,0,0.0,0,777,0
I love my ethnic culture.,1,[],0,0,0.0,0,778,0
The art was well-received by the audience.,1,[],0,0,0.0,0,779,1
I feel everyone gets offended by someone relating to their culture. ,1,['gets offended'],1,1,1.0,1,780,1
I watched Euphoria in the background while doing my homework.,1,[],0,0,0.0,0,781,0
His Haitian culture is extremely important to him.,1,[],0,0,0.0,0,782,0
Celebrity culture is overrated.,1,[],0,0,0.0,0,783,0
Cancel culture is dangerous to society. ,1,[],0,0,0.0,0,784,0
The Maori was happy to perform the hakka dance. ,1,[],0,0,0.0,0,785,0
I love your hair style ,1,[],0,0,0.0,0,786,0
We are studying about culture in school this week.,1,[],0,0,0.0,0,787,0
The art museum is nice.,1,[],0,0,0.0,0,788,0
John loved learning about Asian culture.,1,[],0,0,0.0,0,789,0
I am going to chair the culture committee,1,[],0,0,0.0,0,790,0
I participate in my culture of celebrating St. Patrick Day.,2,[],0,0,0.0,0,791,0
Tom toured the new museum. ,1,[],0,0,0.0,0,792,0
Ben family was not very accepting of the cultural differences presented by his new girlfriend.,1,[],0,0,0.0,0,793,0
The American was impressed by the vibrant Colombian culture.,1,['was impressed'],1,1,1.0,1,794,1
Cancel culture toxic. ,1,[],0,0,0.0,0,795,0
Culture is about the people more so than the traditions.,1,[],0,0,0.0,0,796,0
I wish i had asked more questions to my grandmother about our culture.,1,[],0,0,0.0,0,797,0
I am going the Culture fair today. ,1,[],0,0,0.0,0,798,0
I bow when greeting my elders. ,1,[],0,0,0.0,0,799,0
My culture tells me about where I am from.,1,[],0,0,0.0,0,800,0
Culture can mean lot to people.,1,[],0,0,0.0,0,801,0
I love to integrate myself in other cultures.,1,[],0,0,0.0,0,802,0
"Comic book art used to be looked down upon, but it is now seen as viable art form. ",1,"['art used', 'be looked', 'is now seen']",3,1,1.0,1,803,1
My thoughts about today culture isn popular.,1,[],0,0,0.0,0,804,0
The father was proud oh his sons eagerness to learn their native language.,2,[],0,0,0.0,0,805,0
I want to see the new African Art exhibit and the museum. ,1,[],0,0,0.0,0,806,0
Their culture is very colorful.,1,[],0,0,0.0,0,807,0
Many cultures are appropriated by white people ,1,['are appropriated'],1,1,1.0,1,808,1
"In culture many people enjoy their food, dance, and customs of their ancestors. ",1,[],0,0,0.0,0,809,0
The movie was made hit by the actors.,1,['was made'],1,1,1.0,1,810,1
Culture is passed down,1,['is passed'],1,1,1.0,1,811,1
"The society had such rich culture, there was much to learn of them.",1,[],0,0,0.0,0,812,0
I did not know about the sneaker culture around my school. ,1,[],0,0,0.0,0,813,0
Culture is the way we know how to act in public. ,1,[],0,0,0.0,0,814,0
The Aztecs ruled Mesoamerica.,1,[],0,0,0.0,0,815,0
there is cultural difference beet week different people,1,[],0,0,0.0,0,816,0
The gallery opening was attended by many important figures.,1,['was attended'],1,1,1.0,1,817,1
"When we went to Puerto Rico, the culture was beautiful.",1,[],0,0,0.0,0,818,0
"Culture is best ignored, maybe.",1,[],0,0,0.0,0,819,1
My favorite celebrity spoke out against racism last week.,1,[],0,0,0.0,0,820,0
Culture both divides and unites people.,1,[],0,0,0.0,0,821,0
"Cultures, comes in many color shapes and sizes.",1,[],0,0,0.0,0,822,0
We need to do more about different culture.,1,[],0,0,0.0,0,823,0
I eat Kimchi since it is part of my Korean culture.,1,[],0,0,0.0,0,824,0
The girls culture was forgotten about.,1,['was forgotten'],1,1,1.0,1,825,1
Our differences in culture is perhaps what I find most interesting.,1,[],0,0,0.0,0,826,0
I love how this cuisine tastes ,1,[],0,0,0.0,0,827,0
Culture makes up our characters.,1,[],0,0,0.0,0,828,0
The weekend was improved by the opening of the museum.,1,['was improved'],1,1,1.0,1,829,1
Jill studies modern art at the local college.,1,[],0,0,0.0,0,830,0
Culture is the core of our society.,1,[],0,0,0.0,0,831,0
The woke culture is hilarious.,1,[],0,0,0.0,0,832,0
Television has become more diverse in 2020.,1,[],0,0,0.0,0,833,0
Culture was the main drive of the museum visit.,1,[],0,0,0.0,0,834,0
Having an expressive personality is part of LGBTQ culture.,1,[],0,0,0.0,0,835,0
I love studying different cultures.,1,[],0,0,0.0,0,836,0
I celebrate Christmas with my family.,1,[],0,0,0.0,0,837,0
I hear very little about culture.,1,[],0,0,0.0,0,838,0
My culture needs to work together to improve so that we can acheive.,1,[],0,0,0.0,0,839,0
careers revolve around persons culture.,1,[],0,0,0.0,0,840,0
learning about different cultures is interesting.,1,[],0,0,0.0,0,841,0
Cultural studies will always be considered an important part of liberal arts education.,1,['be considered'],1,1,1.0,1,842,1
I did not check on anything about my culture.,1,[],0,0,0.0,0,843,0
I love to learn about different cultures.,1,[],0,0,0.0,0,844,0
I do not know much about pop culture.,1,[],0,0,0.0,0,845,0
"The movie was watched by 3,000 people.",1,['was watched'],1,1,1.0,1,846,1
The festival is scheduled for next week.,1,['is scheduled'],1,1,1.0,1,847,1
The work culture at Google is very relaxed.,1,[],0,0,0.0,0,848,0
I want to know how to make sushi ,1,[],0,0,0.0,0,849,0
The traditional dance was performed by the women in the group.,1,['was performed'],1,1,1.0,1,850,1
The culture is changing at breakneck speed ,1,[],0,0,0.0,0,851,0
Great Britain culture is overdue for change.,1,[],0,0,0.0,0,852,0
My culture revolves around my Italian upbringing. ,1,[],0,0,0.0,0,853,0
Leah loved to learn of her culture as time went on.,1,[],0,0,0.0,0,854,0
CONCERTS ARE A FUN THING TO DO ON THE WEEKENDS,1,[],0,0,0.0,0,855,0
Culture was changed by altering the story.,1,['was changed'],1,1,1.0,1,856,1
The young girls sighed as they were tired from dancing on Tik Tok. ,1,[],0,0,0.0,0,857,0
Her culture was known to celebrate on that day.,1,['was known'],1,1,1.0,1,858,1
We were interested in the Asian exhibits. ,1,[],0,0,0.0,0,859,0
Choose your culture wisely.,1,[],0,0,0.0,0,860,0
The culture dictates the rules.,1,[],0,0,0.0,0,861,0
the show told me about culture,1,[],0,0,0.0,0,862,0
Minority cultures assimilate into the dominant culture over time.,1,[],0,0,0.0,0,863,0
We are celebrating Christmas ,1,[],0,0,0.0,0,864,0
Downtown is full of culture.,1,[],0,0,0.0,0,865,0
Americans are mindconrolled by NBA,1,['are mindconrolled'],1,1,1.0,1,866,1
Pop culture is unimportant in the grand scheme of things.,1,[],0,0,0.0,0,867,0
The culture exhibit was victimized by vandalism,1,['was victimized'],1,1,1.0,1,868,1
I really enjoy embracing my culture and uplifting those who do as well ,1,[],0,0,0.0,0,869,0
we all have different cultures,1,[],0,0,0.0,0,870,0
Culture varies across our country.,1,[],0,0,0.0,0,871,0
American culture is in decline. ,1,[],0,0,0.0,0,872,0
The french has an unique culture,1,[],0,0,0.0,0,873,0
It was in Marvin culture to celebrate different holiday.,1,[],0,0,0.0,0,874,0
They just always do things the wrong way. ,1,[],0,0,0.0,0,875,0
Cats don like to eat asparagus.,1,[],0,0,0.0,0,876,0
I love the culture,1,[],0,0,0.0,0,877,0
The trend was popular among teens.,1,[],0,0,0.0,0,878,0
 Chinese is sub-category of Asian.,1,[],0,0,0.0,0,879,0
I wanted to be at the top of culture,1,[],0,0,0.0,0,880,0
I made my mother famous Italian dish for my friends.,1,[],0,0,0.0,0,881,0
Some say culture is dead in the 21st century.,1,[],0,0,0.0,0,882,0
The walls were covered in vibrant grafitti.,1,['were covered'],1,1,1.0,1,883,1
Culture has become very large separator among society today. ,1,[],0,0,0.0,0,884,0
I ve never been to Safari before.,1,[],0,0,0.0,0,885,0
Billy has learned lot about his culture.,1,[],0,0,0.0,0,886,0
Culture plays huge role in how we see ourselves.,1,[],0,0,0.0,0,887,0
The new rock band is going to be touring soon.,1,[],0,0,0.0,0,888,0
Observing culture is important in society.,1,[],0,0,0.0,0,889,0
The character of nation is reflected by its culture.,1,['is reflected'],1,1,1.0,1,890,1
The natives had culture that recognized adulthood at age 12. ,1,[],0,0,0.0,0,891,0
Culture shapes relationships amongst people.,1,[],0,0,0.0,0,892,0
The Mayan culture is very interesting topic to read,1,[],0,0,0.0,0,893,0
She is learning about the culture.,1,[],0,0,0.0,0,894,0
CULTURE BUILT EVERY TRADITION IN A COMMUNITY.,1,[],0,0,0.0,0,895,0
I attend cultural show,1,[],0,0,0.0,0,896,0
I believe culture is benefit to society.,1,[],0,0,0.0,0,897,0
Cheeseburgers are eaten by Americans.,1,['are eaten'],1,1,1.0,1,898,1
"To Dalton, the meaning of culture includes language, arts, cuisine, music, social habits and religions.",1,[],0,0,0.0,0,899,0
He was going to date outside of his culture.,1,[],0,0,0.0,0,900,0
Culture today is out of hand.,1,[],0,0,0.0,0,901,0
Teens love alternative music.,1,[],0,0,0.0,0,902,0
The culture of the country is not inviting.,1,[],0,0,0.0,0,903,0
I wonder about her culture.,1,[],0,0,0.0,0,904,0
I teach American Culture at junior college in my state.,1,[],0,0,0.0,0,905,0
I am celebrating Christmas with my family because I grew up in the western culture.,1,[],0,0,0.0,0,906,0
Their culture was hard to discover ,1,[],0,0,0.0,0,907,0
It is very important to learn about Culture.,1,[],0,0,0.0,0,908,0
There had been great deal of hand wringing about the decline in our culture. ,1,[],0,0,0.0,0,909,0
Music effects everyone.,1,[],0,0,0.0,0,910,0
Cultures are part of yogurt.,1,[],0,0,0.0,0,911,0
I loved experiencing the Italian culture when I was there.,1,[],0,0,0.0,0,912,0
Everyone has different and exciting culture.,1,[],0,0,0.0,0,913,0
Culture gives unique personality to many countries. ,1,[],0,0,0.0,0,914,0
The Mayan beliefe were of future that would end in 2012.,1,[],0,0,0.0,0,915,0
I come from long line of Irish Heritage.,1,[],0,0,0.0,0,916,0
The culture was already discussed in the book.,1,['was already discussed'],1,1,1.0,1,917,1
They had gone to temple to learn about her culture.,1,[],0,0,0.0,0,918,0
Culture has always been an interesting topic to study.,1,[],0,0,0.0,0,919,0
The business was made slow by the pandemic.,1,['was made'],1,1,1.0,1,920,1
I want new business card.,1,[],0,0,0.0,0,921,0
I don know much about business.,1,[],0,0,0.0,0,922,0
The store owner had to close for the winter.,1,[],0,0,0.0,0,923,0
The CEO has just reviewed the financial statements.,1,[],0,0,0.0,0,924,0
I wish the stocks would go up. ,1,[],0,0,0.0,0,925,0
They invested wisely.,1,[],0,0,0.0,0,926,0
Business is in shambles right now.,1,[],0,0,0.0,0,927,0
The boom in the economy was led by business.,1,['led by'],1,1,1.0,1,928,1
 The company worked hard to be the top in their field.,1,[],0,0,0.0,0,929,0
Profits increased this fiscal year.,1,[],0,0,0.0,0,930,0
The business was fined for operating without license.,1,['was fined'],1,1,1.0,1,931,1
The entire meal was paid for by my boss.,1,['was paid'],1,1,1.0,1,932,1
Joe attended the business meeting.,1,[],0,0,0.0,0,933,0
The stock market was paid attention to.,1,['was paid'],1,1,1.0,1,934,1
Business interests are regulated by the federal government.,1,['are regulated'],1,1,1.0,1,935,1
I started my own small business when I was very young.,1,[],0,0,0.0,0,936,0
The meeting was rescheduled for tomorrow. ,1,['was rescheduled'],1,1,1.0,1,937,1
China is great place to travel to.,1,[],0,0,0.0,0,938,0
BUSINESS MEN NOT FINE ALL THE TIME. ,1,[],0,0,0.0,0,939,0
Business is cut throat sport. ,1,['is cut'],1,1,1.0,1,940,0
Local retail stores are great convenience. ,1,[],0,0,0.0,0,941,0
I wish I was able to get more money at the bank.,1,[],0,0,0.0,0,942,0
Business is very interesting ,1,[],0,0,0.0,0,943,0
Big Business was sued by the government.,1,['was sued'],1,1,1.0,1,944,1
 Business is good for the economy. ,1,[],0,0,0.0,0,945,0
The salesperson demonstrated his company products in meeting. ,1,[],0,0,0.0,0,946,0
I want to own business ,1,[],0,0,0.0,0,947,0
Business is very broad category. ,1,[],0,0,0.0,0,948,0
Schedule all orientation meetings today before leaving the office.,1,[],0,0,0.0,0,949,0
Business was good.,1,[],0,0,0.0,0,950,0
She didn know how to organize the business ,1,[],0,0,0.0,0,951,0
I am buying stock today.,1,[],0,0,0.0,0,952,0
The award was won by the top business.,1,['was won'],1,1,1.0,1,953,1
I am looking for business to start up.,1,[],0,0,0.0,0,954,0
Purdue Pharma settled the lawsuit with billions of dollars.,1,[],0,0,0.0,0,955,0
That business has been closed for awhile.,1,['has been closed'],1,1,1.0,1,956,1
Jamal is fantastic business man. ,1,[],0,0,0.0,0,957,0
Her business is of no concern of mine. ,1,[],0,0,0.0,0,958,0
I work for large business,1,[],0,0,0.0,0,959,0
Business is hard.,1,[],0,0,0.0,0,960,0
Business is major at most colleges and universities.,1,[],0,0,0.0,0,961,0
I closed this business.,1,[],0,0,0.0,0,962,0
The business was shown new idea.,1,['was shown'],1,1,1.0,1,963,1
The market was down. ,1,[],0,0,0.0,0,964,0
The girl entered the business located on Main Street.,1,[],0,0,0.0,0,965,0
The business is open today. ,1,[],0,0,0.0,0,966,0
I sure hadn wanted to visit that apple store since it was so busy.,1,[],0,0,0.0,0,967,0
I ll start my business in the next few weeks.,1,[],0,0,0.0,0,968,0
The fundraiser for the business brought in lot of money.,1,[],0,0,0.0,0,969,0
Her background was in Business,1,[],0,0,0.0,0,970,0
The Business closed its doors promptly at 5pm.,1,[],0,0,0.0,0,971,0
I went to work today and it was long day.,1,[],0,0,0.0,0,972,0
My family business is affected by the pandemic. ,1,['is affected'],1,1,1.0,1,973,1
I am leaving this business.,1,[],0,0,0.0,0,974,0
The business was robbed during the night.,1,['was robbed'],1,1,1.0,1,975,1
Dressing up is required to attend meeting.,1,['is required'],1,1,1.0,1,976,0
The business is doing well,1,[],0,0,0.0,0,977,0
I am taking Business course and enjoying all that I am learning.,1,[],0,0,0.0,0,978,0
I called them and got the sale ,1,[],0,0,0.0,0,979,0
My contributions to the business were not recognized by my father. ,1,['were not recognized'],1,1,1.0,1,980,1
The accountant met with the lawyer.,1,[],0,0,0.0,0,981,0
Business creates opportunity.,1,[],0,0,0.0,0,982,0
Long lunches are often taken when having business meetings.,1,['are often taken'],1,1,1.0,1,983,1
The CEO made all final decisions for the company.,1,[],0,0,0.0,0,984,0
Business grows with society.,1,[],0,0,0.0,0,985,0
Sprint was bought out by T-Mobile.,1,['was bought'],1,1,1.0,1,986,1
Is is expected that business will be good this year.,1,['is is expected'],1,1,1.0,1,987,1
The business is thriving.,1,[],0,0,0.0,0,988,0
There no business like show business.,1,[],0,0,0.0,0,989,0
I am into business,1,[],0,0,0.0,0,990,0
The company was involved in community service.,1,[],0,0,0.0,0,991,0
Business is booming,1,[],0,0,0.0,0,992,0
Business is booming ,1,[],0,0,0.0,0,993,0
The accountant was fired.,1,['was fired'],1,1,1.0,1,994,1
Business is no fun but it worth it.,2,[],0,0,0.0,0,995,0
Business was taken over. ,1,['was taken'],1,1,1.0,1,996,1
I keep track of my own orders. ,1,[],0,0,0.0,0,997,0
Business makes the world go round.,1,[],0,0,0.0,0,998,0
He opened the business 10 years ago.,1,[],0,0,0.0,0,999,0
The business is not doing well,1,[],0,0,0.0,0,1000,0
The firm was able to make ton of money this quarter. ,1,[],0,0,0.0,0,1001,0
i owned my business,1,[],0,0,0.0,0,1002,0
Business can be very challenging at times.,1,[],0,0,0.0,0,1003,0
The business did not meet the state protocols to remain operational.,1,[],0,0,0.0,0,1004,0
Business was boring subject.,1,[],0,0,0.0,0,1005,0
His business suffered due to the economy.,1,[],0,0,0.0,0,1006,0
I take many business trips.,1,[],0,0,0.0,0,1007,0
I run my business online,1,[],0,0,0.0,0,1008,0
Stock prices were mixed after investors faced uncertainty.,1,[],0,0,0.0,0,1009,0
It is time to close the doors on this business. ,1,[],0,0,0.0,0,1010,0
My mom was doing taxes as I watched tv.,1,[],0,0,0.0,0,1011,0
This business is profitable every year.,1,[],0,0,0.0,0,1012,0
My cousin got degree in Business.,1,[],0,0,0.0,0,1013,0
This business is failing fast. ,1,[],0,0,0.0,0,1014,0
Salaries were reduced by the CEO.,1,['were reduced'],1,1,1.0,1,1015,1
I really hate Apple,1,[],0,0,0.0,0,1016,0
They are growing the business.,1,[],0,0,0.0,0,1017,0
The DOW is up.,1,[],0,0,0.0,0,1018,0
I studied business in college.,1,[],0,0,0.0,0,1019,0
I am an important business man,1,[],0,0,0.0,0,1020,0
My daily activity involves running my own business.,1,[],0,0,0.0,0,1021,0
I invested ton of money in stocks. ,1,[],0,0,0.0,0,1022,0
The presentation from today meeting was developed by the business manager.,1,['was developed'],1,1,1.0,1,1023,1
The corporation as whole was damaged significantly by the CEO scandal.,1,['was damaged'],1,1,1.0,1,1024,1
I enjoy working here. ,1,[],0,0,0.0,0,1025,0
The CEO opinion was not heard by the board.,1,['was not heard'],1,1,1.0,1,1026,1
I own my own business.,1,[],0,0,0.0,0,1027,0
I am going to business meeting in one hour. ,1,[],0,0,0.0,0,1028,0
I am activating my bank account today.,1,[],0,0,0.0,0,1029,0
Businesses are very important for the market.,1,[],0,0,0.0,0,1030,0
Business is conducted within the hours of 0900-1700,1,['is conducted'],1,1,1.0,1,1031,1
My business is very important.,1,[],0,0,0.0,0,1032,0
Comic shops were more viable business before the pandemic. ,1,[],0,0,0.0,0,1033,0
Today business world is suffering because of the pandemic.,1,[],0,0,0.0,0,1034,0
The bakery was happy with all of it satisfied customers.,1,[],0,0,0.0,0,1035,0
I think his business is pretty successful. ,1,[],0,0,0.0,0,1036,0
Their business is secret.,1,[],0,0,0.0,0,1037,0
The business man was sent home because he had fever,1,['was sent'],1,1,1.0,1,1038,1
In business it is easy to become millionaire.,1,[],0,0,0.0,0,1039,0
The contract was not signed by the business.,1,['was not signed'],1,1,1.0,1,1040,1
Business is very volatile,1,[],0,0,0.0,0,1041,0
"We had business to deal with first, then pleasure.",1,[],0,0,0.0,0,1042,0
I lost all my money from my pizza business,1,[],0,0,0.0,0,1043,0
Businesses suck the money out of folk wallets. ,1,[],0,0,0.0,0,1044,0
The CEO has an office in an high rise.,1,[],0,0,0.0,0,1045,0
I am in the process of purchasing new car.,1,[],0,0,0.0,0,1046,0
More than 300 employees of the company were laid off on Friday. ,1,['were laid'],1,1,1.0,1,1047,1
That meeting made me feel so nervous.,1,[],0,0,0.0,0,1048,0
Business is not very fun.,1,[],0,0,0.0,0,1049,0
The CEO of that company earned very high bonus this year.,1,[],0,0,0.0,0,1050,0
Business is in the heart of commerce.,1,[],0,0,0.0,0,1051,0
Mind you business and stay outta mines.,1,[],0,0,0.0,0,1052,0
His business grew to hugh success over night. ,1,[],0,0,0.0,0,1053,0
I would like to receive payment for my private business.,1,[],0,0,0.0,0,1054,0
The business closed after their hours of operation.,1,[],0,0,0.0,0,1055,0
Keeping his business is what keeps Steve working so hard.,1,[],0,0,0.0,0,1056,0
WE are skyrocketing ,1,[],0,0,0.0,0,1057,0
Business has been bad lately.,1,[],0,0,0.0,0,1058,0
The company was taken over by its competitor.,1,['was taken'],1,1,1.0,1,1059,1
Amy studies accounting daily and is quite good at it.,1,[],0,0,0.0,0,1060,0
Our business has been slow this year.,1,[],0,0,0.0,0,1061,0
Business is the engine of capitalism.,1,[],0,0,0.0,0,1062,0
The chairman of the board was fired due to lack of sails.,1,['was fired'],1,1,1.0,1,1063,1
Business was not the prime interest of the family meeting.,1,[],0,0,0.0,0,1064,0
Leaders of business often give speeches and workshops to teach people new to the workforce.,1,[],0,0,0.0,0,1065,0
I am starting my own business.,1,[],0,0,0.0,0,1066,0
I actively invest in the stock market.,1,[],0,0,0.0,0,1067,0
She was told business is necessary.,1,['was told'],1,1,1.0,1,1068,1
My business will excel with the right mentors.,1,[],0,0,0.0,0,1069,0
The shareholders were satisfied with the bosses news about opening new business.,1,[],0,0,0.0,0,1070,1
Business is very well known career field.,1,[],0,0,0.0,0,1071,0
The local Chamber of Commerce was founded in 1952.,1,['was founded'],1,1,1.0,1,1072,1
I never got into business.,1,[],0,0,0.0,0,1073,0
The business is doing really well.,1,[],0,0,0.0,0,1074,0
The business world has had to adapt to many changes.,1,[],0,0,0.0,0,1075,0
The businesses had been opened in 2019.,1,['had been opened'],1,1,1.0,1,1076,1
The business was in jeopardy.,1,[],0,0,0.0,0,1077,0
My business is much more successful than most.,1,[],0,0,0.0,0,1078,0
I am going to get those books done.,1,[],0,0,0.0,0,1079,0
Those items were sold by the top salesperson in the company.,1,['were sold'],1,1,1.0,1,1080,1
They are closing down their business.,1,[],0,0,0.0,0,1081,0
Business will pick-up as more people get their vaccine.,1,[],0,0,0.0,0,1082,0
I lost my business when the economy fell. ,1,[],0,0,0.0,0,1083,0
Len majored in business in university.,1,[],0,0,0.0,0,1084,0
I AM GOING TO EAT AT THE LOCAL SUSHI RESTAURANT TONIGHT,1,[],0,0,0.0,0,1085,0
Business was done as usual.,1,['was done'],1,1,1.0,1,1086,1
The man made sale that went bad. ,1,[],0,0,0.0,0,1087,0
She was seeking position as manager in business.,1,[],0,0,0.0,0,1088,0
We were looking at business sites. ,1,[],0,0,0.0,0,1089,0
Business has been good.,1,[],0,0,0.0,0,1090,0
The business was filing for bankruptcy.,1,[],0,0,0.0,0,1091,0
the man suceeded greatly at his business,1,[],0,0,0.0,0,1092,0
A small business was bought out by large company.,1,['was bought'],1,1,1.0,1,1093,1
The business is blooming ,1,[],0,0,0.0,0,1094,0
Our business is stressful.,1,[],0,0,0.0,0,1095,0
business was shut down,1,['was shut'],1,1,1.0,1,1096,1
The business of marketing is highly profitable.,1,[],0,0,0.0,0,1097,0
The old business had been subsumed by the new merger,1,['had been subsumed'],1,1,1.0,1,1098,1
One of my goals is to have my own Business in the near future ,1,[],0,0,0.0,0,1099,0
I own my business for two years,1,[],0,0,0.0,0,1100,0
Business is booming.,1,[],0,0,0.0,0,1101,0
The business is under pressure due to the pandemic. ,1,[],0,0,0.0,0,1102,0
I have an interest in Business,1,[],0,0,0.0,0,1103,0
Monica was driven to the store last night.,1,['was driven'],1,1,1.0,1,1104,1
I would ve done it differently. ,1,[],0,0,0.0,0,1105,0
The bath is far too hot for me to bathe.,1,[],0,0,0.0,0,1106,0
Business is going great,1,[],0,0,0.0,0,1107,0
Stocks were sold by the company before the end of the quarter. ,1,['were sold'],1,1,1.0,1,1108,1
"When will people return to the office, after COVID-19 ",1,[],0,0,0.0,0,1109,0
I will open my own business one day,1,[],0,0,0.0,0,1110,0
Jeff and Gary agreed on the merger and shook hands.,1,[],0,0,0.0,0,1111,0
A group of businessmen were gathered at the bar.,1,['were gathered'],1,1,1.0,1,1112,1
Clients were given itemized invoices.,1,['were given'],1,1,1.0,1,1113,1
Many businesses were shut down during the Covid pandemic. ,1,['were shut'],1,1,1.0,1,1114,1
The CEO wanted to gather the employee together.,1,[],0,0,0.0,0,1115,0
The supervisor read the memo and asked the employees questions.,1,[],0,0,0.0,0,1116,0
The business reopened after two months of lockdown.,1,[],0,0,0.0,0,1117,0
The new information for the banking regulations will be delivered this afternoon.,1,['will be delivered'],1,1,1.0,1,1118,1
Investing in the company is lucretive.,1,[],0,0,0.0,0,1119,0
Lot of economic growth is provided by businesses.,1,['is provided'],1,1,1.0,1,1120,1
The business recognized its error and made retribution. ,1,[],0,0,0.0,0,1121,0
Business influences politicians.,1,[],0,0,0.0,0,1122,0
Companies enjoy making good profit from the businesses they run.,1,[],0,0,0.0,0,1123,0
The man is starting business.,1,[],0,0,0.0,0,1124,0
BUSSINESS ARE DEVELOP THROUGH A SIMPLE IDEA.,1,[],0,0,0.0,0,1125,0
he is busy in business,1,[],0,0,0.0,0,1126,0
Business will grow to offset the cost of living.,1,[],0,0,0.0,0,1127,0
The income was totaled by the Accountant. ,1,['was totaled'],1,1,1.0,1,1128,1
The business dedicates long hours to helping those in need.,1,[],0,0,0.0,0,1129,0
He was going to apply there.,1,[],0,0,0.0,0,1130,0
I have business in the city.,1,[],0,0,0.0,0,1131,0
Companies merge with other companies.,1,[],0,0,0.0,0,1132,0
The business will go under very soon.,1,[],0,0,0.0,0,1133,0
I wonder if business is good.,1,[],0,0,0.0,0,1134,0
The newest business to spring during the Pandemic is Home Delivery.,1,[],0,0,0.0,0,1135,0
I started my own business.,1,[],0,0,0.0,0,1136,0
Business was going well,1,[],0,0,0.0,0,1137,0
Business is booming this month ,1,[],0,0,0.0,0,1138,0
CEOS were not given much notice before firing. ,1,['were not given'],1,1,1.0,1,1139,1
The accountant showed his work at the meeting.,1,[],0,0,0.0,0,1140,0
Business is questionable these days.,1,[],0,0,0.0,0,1141,0
He had his own business for 20 years.,1,[],0,0,0.0,0,1142,0
I started business recently that is going so great so far ,1,[],0,0,0.0,0,1143,0
A business thrives when managed responsibly. ,1,[],0,0,0.0,0,1144,0
The shareholders were not satisfied by the CEO explanations,1,[],0,0,0.0,0,1145,1
I would mind what you are doing in this meeting.,1,[],0,0,0.0,0,1146,0
I had no business doing that.,1,[],0,0,0.0,0,1147,0
They had good business sales then.,1,[],0,0,0.0,0,1148,0
I had never understood many aspects of business.,1,[],0,0,0.0,0,1149,0
